gridpoint,lon,lat
1,14.3491516,51.9331474
2,14.4284286,52.0697594
3,14.5083466,52.2062874
4,14.5889130,52.3427315
5,14.6701050,52.4790840
6,14.7519760,52.6153488
7,14.8344955,52.7515259
8,14.9176788,52.8876038
9,15.0015411,53.0235939
10,15.0860901,53.1594887
11,15.1713104,53.2952919
12,15.2572403,53.4310036
13,15.3438797,53.5666161
14,15.4312134,53.7021294
15,15.5192642,53.8375435
16,15.6080399,53.9728584
17,15.6975632,54.1080818
18,15.7878113,54.2431908
19,15.8788147,54.3782082
20,15.9705582,54.5130997
21,16.0630760,54.6479034
22,16.1563644,54.7825966
23,16.2504349,54.9171829
24,16.3452797,55.0516548
25,16.4409447,55.1860275
26,16.5373840,55.3202744
27,16.6346550,55.4544106
28,16.7327423,55.5884361
29,16.8316574,55.7223473
30,16.9314194,55.8561440
31,17.0320206,55.9898148
32,17.1334839,56.1233635
33,17.2358131,56.2567978
34,17.3390160,56.3901024
35,17.4431076,56.5232887
36,17.5480957,56.6563492
37,17.6539841,56.7892723
38,17.7607956,56.9220772
39,17.8685265,57.0547485
40,17.9771881,57.1872826
41,18.0867996,57.3196869
42,18.1973686,57.4519539
43,14.1197205,51.9832649
44,14.1984482,52.1201286
45,14.2778015,52.2569046
46,14.3577957,52.3935966
47,14.4384308,52.5302010
48,14.5197220,52.6667137
49,14.6016769,52.8031502
50,14.6842880,52.9394836
51,14.7675705,53.0757294
52,14.8515320,53.2118835
53,14.9361801,53.3479462
54,15.0215225,53.4839211
55,15.1075592,53.6197968
56,15.1943130,53.7555771
57,15.2817612,53.8912544
58,15.3699493,54.0268402
59,15.4588623,54.1623268
60,15.5485077,54.2977104
61,15.6389008,54.4329872
62,15.7300491,54.5681648
63,15.8219604,54.7032471
64,15.9146271,54.8382111
65,16.0080795,54.9730759
66,16.1023178,55.1078300
67,16.1973495,55.2424812
68,16.2931786,55.3770180
69,16.3898201,55.5114403
70,16.4872780,55.6457520
71,16.5855637,55.7799454
72,16.6846924,55.9140282
73,16.7846603,56.0479927
74,16.8854866,56.1818428
75,16.9871750,56.3155708
76,17.0897369,56.4491730
77,17.1931877,56.5826607
78,17.2975311,56.7160149
79,17.4027634,56.8492432
80,17.5089302,56.9823608
81,17.6160011,57.1153336
82,17.7240067,57.2481728
83,17.8329697,57.3808899
84,17.9428749,57.5134735
85,13.8897934,52.0329399
86,13.9679489,52.1700478
87,14.0467377,52.3070717
88,14.1261597,52.4440117
89,14.2062225,52.5808678
90,14.2869339,52.7176323
91,14.3683090,52.8543205
92,14.4503250,52.9909019
93,14.5330276,53.1274071
94,14.6164017,53.2638206
95,14.7004623,53.4001427
96,14.7852097,53.5363770
97,14.8706589,53.6725121
98,14.9567947,53.8085518
99,15.0436554,53.9444923
100,15.1312332,54.0803452
101,15.2195435,54.2160988
102,15.3085785,54.3517532
103,15.3983612,54.4873047
104,15.4888916,54.6227531
105,15.5801773,54.7581024
106,15.6722336,54.8933449
107,15.7650604,55.0284882
108,15.8586731,55.1635246
109,15.9530716,55.2984505
110,16.0482674,55.4332695
111,16.1442757,55.5679741
112,16.2411003,55.7025719
113,16.3387489,55.8370590
114,16.4372292,55.9714279
115,16.5365524,56.1056824
116,16.6367302,56.2398186
117,16.7377777,56.3738480
118,16.8396835,56.5077438
119,16.9424782,56.6415253
120,17.0461655,56.7751884
121,17.1507416,56.9087143
122,17.2562370,57.0421257
123,17.3626556,57.1754112
124,17.4700012,57.3085594
125,17.5782852,57.4415855
126,17.6875267,57.5744781
127,13.6593475,52.0821648
128,13.7369308,52.2195168
129,13.8151398,52.3567810
130,13.8939896,52.4939728
131,13.9734726,52.6310730
132,14.0536041,52.7680893
133,14.1343842,52.9050255
134,14.2158203,53.0418625
135,14.2979202,53.1786194
136,14.3807068,53.3152885
137,14.4641647,53.4518700
138,14.5483017,53.5883522
139,14.6331482,53.7247505
140,14.7186890,53.8610573
141,14.8049316,53.9972610
142,14.8919067,54.1333771
143,14.9795990,54.2693939
144,15.0680161,54.4053154
145,15.1571732,54.5411339
146,15.2470779,54.6768532
147,15.3377457,54.8124771
148,15.4291687,54.9479980
149,15.5213623,55.0834084
150,15.6143417,55.2187271
151,15.7081070,55.3539314
152,15.8026581,55.4890289
153,15.8980179,55.6240158
154,15.9942017,55.7588997
155,16.0911980,55.8936653
156,16.1890335,56.0283241
157,16.2877007,56.1628685
158,16.3872223,56.2972984
159,16.4876060,56.4316139
160,16.5888519,56.5658073
161,16.6909904,56.6998901
162,16.7940102,56.8338470
163,16.8979187,56.9676743
164,17.0027390,57.1013908
165,17.1084862,57.2349777
166,17.2151527,57.3684311
167,17.3227539,57.5017586
168,17.4313126,57.6349602
169,13.4283981,52.1309395
170,13.5054016,52.2685318
171,13.5830307,52.4060440
172,13.6612930,52.5434799
173,13.7401886,52.6808281
174,13.8197250,52.8180885
175,13.8999176,52.9552689
176,13.9807587,53.0923615
177,14.0622635,53.2293701
178,14.1444321,53.3662949
179,14.2272949,53.5031281
180,14.3108292,53.6398735
181,14.3950653,53.7765236
182,14.4799881,53.9130898
183,14.5656204,54.0495567
184,14.6519699,54.1859322
185,14.7390366,54.3222160
186,14.8268280,54.4584045
187,14.9153671,54.5944939
188,15.0046310,54.7304726
189,15.0946579,54.8663712
190,15.1854477,55.0021629
191,15.2770004,55.1378517
192,15.3693314,55.2734413
193,15.4624481,55.4089241
194,15.5563583,55.5442924
195,15.6510696,55.6795654
196,15.7465897,55.8147278
197,15.8429337,55.9497833
198,15.9401093,56.0847244
199,16.0381203,56.2195587
200,16.1369705,56.3542747
201,16.2366791,56.4888802
202,16.3372612,56.6233635
203,16.4387245,56.7577438
204,16.5410614,56.8919945
205,16.6442986,57.0261230
206,16.7484436,57.1601410
207,16.8534927,57.2940254
208,16.9594688,57.4277802
209,17.0663910,57.5614204
210,17.1742592,57.6949310
211,13.1969452,52.1792641
212,13.2733688,52.3170967
213,13.3504028,52.4548492
214,13.4280777,52.5925293
215,13.5063782,52.7301178
216,13.5853195,52.8676300
217,13.6649094,53.0050583
218,13.7451477,53.1423988
219,13.8260498,53.2796593
220,13.9076157,53.4168320
221,13.9898529,53.5539169
222,14.0727768,53.6909218
223,14.1563873,53.8278275
224,14.2406921,53.9646492
225,14.3256989,54.1013794
226,14.4114227,54.2380142
227,14.4978638,54.3745613
228,14.5850143,54.5110054
229,14.6729126,54.6473618
230,14.7615433,54.7836113
231,14.8509369,54.9197807
232,14.9410782,55.0558434
233,15.0319748,55.1917992
234,15.1236572,55.3276596
235,15.2161179,55.4634171
236,15.3093719,55.5990715
237,15.4034271,55.7346230
238,15.4982834,55.8700600
239,15.5939560,56.0053978
240,15.6904602,56.1406288
241,15.7877960,56.2757454
242,15.8859787,56.4107475
243,15.9850159,56.5456429
244,16.0849075,56.6804199
245,16.1856842,56.8150902
246,16.2873306,56.9496346
247,16.3898811,57.0840607
248,16.4933319,57.2183723
249,16.5976944,57.3525581
250,16.7029762,57.4866219
251,16.8091927,57.6205635
252,16.9163589,57.7543793
253,12.9649887,52.2271385
254,13.0408173,52.3652115
255,13.1172638,52.5032005
256,13.1943436,52.6411171
257,13.2720337,52.7789536
258,13.3503799,52.9167061
259,13.4293518,53.0543823
260,13.5089874,53.1919746
261,13.5892792,53.3294792
262,13.6702271,53.4669037
263,13.7518463,53.6042366
264,13.8341522,53.7414932
265,13.9171371,53.8786545
266,14.0008087,54.0157318
267,14.0851822,54.1527138
268,14.1702728,54.2896156
269,14.2560654,54.4264221
270,14.3425827,54.5631294
271,14.4298325,54.6997490
272,14.5178223,54.8362656
273,14.6065598,54.9726944
274,14.6960449,55.1090279
275,14.7862854,55.2452545
276,14.8773041,55.3813858
277,14.9691162,55.5174255
278,15.0616989,55.6533470
279,15.1550751,55.7891731
280,15.2492599,55.9248924
281,15.3442612,56.0605125
282,15.4400864,56.1960258
283,15.5367432,56.3314209
284,15.6342392,56.4667130
285,15.7325821,56.6018944
286,15.8317871,56.7369576
287,15.9318771,56.8719215
288,16.0328255,57.0067596
289,16.1346703,57.1414757
290,16.2374229,57.2760887
291,16.3410797,57.4105759
292,16.4456482,57.5449333
293,16.5511551,57.6791801
294,16.6576118,57.8132973
295,12.7325363,52.2745476
296,12.8077698,52.4128571
297,12.8836136,52.5510826
298,12.9600830,52.6892471
299,13.0371704,52.8273239
300,13.1148987,52.9653168
301,13.1932678,53.1032410
302,13.2722855,53.2410736
303,13.3519516,53.3788223
304,13.4322815,53.5164948
305,13.5132675,53.6540833
306,13.5949402,53.7915840
307,13.6772995,53.9290047
308,13.7603302,54.0663376
309,13.8440704,54.2035751
310,13.9285126,54.3407326
311,14.0136642,54.4777946
312,14.0995331,54.6147652
313,14.1861343,54.7516479
314,14.2734604,54.8884201
315,14.3615341,55.0251236
316,14.4503632,55.1617165
317,14.5399399,55.2982140
318,14.6302948,55.4346199
319,14.7214203,55.5709229
320,14.8133316,55.7071190
321,14.9060287,55.8432198
322,14.9995346,55.9792213
323,15.0938492,56.1151123
324,15.1889801,56.2509003
325,15.2849503,56.3865814
326,15.3817520,56.5221634
327,15.4794006,56.6576271
328,15.5779037,56.7929802
329,15.6772766,56.9282265
330,15.7775269,57.0633583
331,15.8786621,57.1983719
332,15.9807053,57.3332787
333,16.0836411,57.4680595
334,16.1875038,57.6027222
335,16.2922859,57.7372627
336,16.3980103,57.8716888
337,12.4995880,52.3215065
338,12.5742188,52.4600525
339,12.6494598,52.5985184
340,12.7253113,52.7369156
341,12.8017883,52.8752289
342,12.8789062,53.0134659
343,12.9566498,53.1516304
344,13.0350418,53.2897034
345,13.1140823,53.4277039
346,13.1937790,53.5656242
347,13.2741394,53.7034569
348,13.3551712,53.8412094
349,13.4368896,53.9788780
350,13.5192795,54.1164589
351,13.6023712,54.2539520
352,13.6861649,54.3913651
353,13.7706604,54.5286865
354,13.8558655,54.6659126
355,13.9418030,54.8030548
356,14.0284729,54.9400940
357,14.1158752,55.0770531
358,14.2040329,55.2139168
359,14.2929459,55.3506813
360,14.3826141,55.4873505
361,14.4730606,55.6239243
362,14.5642853,55.7603989
363,14.6563034,55.8967743
364,14.7491226,56.0330467
365,14.8427429,56.1692162
366,14.9371719,56.3052826
367,15.0324326,56.4412422
368,15.1285324,56.5771027
369,15.2254791,56.7128525
370,15.3232803,56.8484955
371,15.4219360,56.9840279
372,15.5214691,57.1194496
373,15.6218872,57.2547531
374,15.7231903,57.3899498
375,15.8254166,57.5250282
376,15.9285355,57.6599808
377,16.0325928,57.7948265
378,16.1375809,57.9295464
379,12.2661438,52.3680038
380,12.3401642,52.5067825
381,12.4147949,52.6454849
382,12.4900284,52.7841148
383,12.5658875,52.9226685
384,12.6423798,53.0611458
385,12.7194977,53.1995468
386,12.7972565,53.3378639
387,12.8756638,53.4761047
388,12.9547272,53.6142693
389,13.0344467,53.7523499
390,13.1148376,53.8903542
391,13.1959000,54.0282669
392,13.2776489,54.1661034
393,13.3600769,54.3038483
394,13.4432068,54.4415092
395,13.5270462,54.5790901
396,13.6115952,54.7165718
397,13.6968613,54.8539696
398,13.7828522,54.9912758
399,13.8695908,55.1284943
400,13.9570618,55.2656174
401,14.0452881,55.4026413
402,14.1342773,55.5395851
403,14.2240372,55.6764259
404,14.3145676,55.8131676
405,14.4058914,55.9498138
406,14.4980011,56.0863571
407,14.5909195,56.2228012
408,14.6846466,56.3591461
409,14.7791977,56.4953880
410,14.8745804,56.6315231
411,14.9708099,56.7675591
412,15.0678864,56.9034767
413,15.1658249,57.0393028
414,15.2646332,57.1750107
415,15.3643112,57.3106003
416,15.4648895,57.4460869
417,15.5663681,57.5814667
418,15.6687546,57.7167168
419,15.7720642,57.8518448
420,15.8763046,57.9868736
421,12.0322113,52.4140396
422,12.1056137,52.5530434
423,12.1796188,52.6919785
424,12.2542343,52.8308449
425,12.3294678,52.9696350
426,12.4053345,53.1083488
427,12.4818268,53.2469902
428,12.5589447,53.3855438
429,12.6367035,53.5240250
430,12.7151260,53.6624374
431,12.7941971,53.8007622
432,12.8739395,53.9390068
433,12.9543457,54.0771675
434,13.0354309,54.2152519
435,13.1172028,54.3532448
436,13.1996689,54.4911652
437,13.2828369,54.6289902
438,13.3667068,54.7667313
439,13.4513016,54.9043884
440,13.5366135,55.0419464
441,13.6226654,55.1794281
442,13.7094498,55.3168106
443,13.7969818,55.4541016
444,13.8852768,55.5913048
445,13.9743423,55.7284203
446,14.0641632,55.8654213
447,14.1547852,56.0023384
448,14.2461853,56.1391563
449,14.3383942,56.2758751
450,14.4314117,56.4124985
451,14.5252380,56.5490074
452,14.6198959,56.6854248
453,14.7154007,56.8217392
454,14.8117447,56.9579430
455,14.9089508,57.0940475
456,15.0070190,57.2300377
457,15.1059647,57.3659210
458,15.2057953,57.5016975
459,15.3065338,57.6373634
460,15.4081573,57.7729034
461,15.5107193,57.9083405
462,15.6142044,58.0436592
463,11.7977905,52.4596100
464,11.8705750,52.5988503
465,11.9439621,52.7380142
466,12.0179443,52.8771133
467,12.0925446,53.0161324
468,12.1677628,53.1550865
469,12.2436142,53.2939568
470,12.3200912,53.4327583
471,12.3972092,53.5714760
472,12.4749756,53.7101250
473,12.5533905,53.8486900
474,12.6324692,53.9871826
475,12.7122192,54.1255875
476,12.7926407,54.2639198
477,12.8737411,54.4021645
478,12.9555283,54.5403290
479,13.0380173,54.6784058
480,13.1212234,54.8164062
481,13.2051239,54.9543114
482,13.2897568,55.0921288
483,13.3751068,55.2298660
484,13.4611969,55.3675079
485,13.5480347,55.5050659
486,13.6356277,55.6425285
487,13.7239761,55.7798996
488,13.8130951,55.9171753
489,13.9029922,56.0543518
490,13.9936829,56.1914444
491,14.0851669,56.3284302
492,14.1774597,56.4653244
493,14.2705612,56.6021156
494,14.3644867,56.7388039
495,14.4592514,56.8753967
496,14.5548630,57.0118828
497,14.6513138,57.1482697
498,14.7486496,57.2845497
499,14.8468399,57.4207115
500,14.9459152,57.5567741
501,15.0458908,57.6927299
502,15.1467667,57.8285675
503,15.2485504,57.9642906
504,15.3512650,58.0999069
505,11.5628891,52.5047150
506,11.6350479,52.6441841
507,11.7077942,52.7835808
508,11.7811508,52.9229088
509,11.8551102,53.0621643
510,11.9296875,53.2013435
511,12.0048828,53.3404579
512,12.0807114,53.4794922
513,12.1571732,53.6184464
514,12.2342834,53.7573357
515,12.3120422,53.8961411
516,12.3904572,54.0348778
517,12.4695282,54.1735268
518,12.5492783,54.3120995
519,12.6297073,54.4505882
520,12.7108154,54.5890007
521,12.7926254,54.7273331
522,12.8751297,54.8655739
523,12.9583435,55.0037422
524,13.0422668,55.1418076
525,13.1269302,55.2798004
526,13.2123184,55.4177017
527,13.2984467,55.5555153
528,13.3853226,55.6932411
529,13.4729614,55.8308754
530,13.5613632,55.9684105
531,13.6505356,56.1058578
532,13.7405014,56.2432137
533,13.8312607,56.3804779
534,13.9228058,56.5176353
535,14.0151749,56.6547012
536,14.1083603,56.7916641
537,14.2023849,56.9285355
538,14.2972260,57.0652924
539,14.3929443,57.2019653
540,14.4895096,57.3385239
541,14.5869370,57.4749718
542,14.6852493,57.6113205
543,14.7844620,57.7475624
544,14.8845520,57.8836823
545,14.9855728,58.0197067
546,15.0875015,58.1556053
547,11.3275070,52.5493584
548,11.3990326,52.6890564
549,11.4711380,52.8286781
550,11.5438538,52.9682388
551,11.6171722,53.1077194
552,11.6910934,53.2471352
553,11.7656479,53.3864784
554,11.8408127,53.5257454
555,11.9166107,53.6649361
556,11.9930573,53.8040657
557,12.0701447,53.9431076
558,12.1478806,54.0820808
559,12.2262878,54.2209740
560,12.3053513,54.3597908
561,12.3850937,54.4985237
562,12.4655228,54.6371803
563,12.5466309,54.7757607
564,12.6284409,54.9142532
565,12.7109528,55.0526657
566,12.7941818,55.1909866
567,12.8781357,55.3292389
568,12.9628067,55.4673882
569,13.0482178,55.6054611
570,13.1343765,55.7434425
571,13.2212906,55.8813400
572,13.3089600,56.0191345
573,13.3974075,56.1568489
574,13.4866333,56.2944679
575,13.5766449,56.4319954
576,13.6674576,56.5694275
577,13.7590790,56.7067566
578,13.8515091,56.8439980
579,13.9447784,56.9811440
580,14.0388718,57.1181831
581,14.1338120,57.2551270
582,14.2296066,57.3919640
583,14.3262711,57.5286980
584,14.4238129,57.6653290
585,14.5222321,57.8018570
586,14.6215515,57.9382629
587,14.7217789,58.0745735
588,14.8229294,58.2107735
589,11.0916519,52.5935364
590,11.1625290,52.7334518
591,11.2339935,52.8733025
592,11.3060608,53.0130920
593,11.3787231,53.1527977
594,11.4519958,53.2924461
595,11.5258789,53.4320183
596,11.6003876,53.5715179
597,11.6755219,53.7109451
598,11.7512970,53.8502998
599,11.8277054,53.9895859
600,11.9047699,54.1287956
601,11.9824829,54.2679253
602,12.0608673,54.4069901
603,12.1399078,54.5459633
604,12.2196426,54.6848640
605,12.3000488,54.8236923
606,12.3811569,54.9624290
607,12.4629669,55.1010933
608,12.5454788,55.2396660
609,12.6287079,55.3781586
610,12.7126694,55.5165749
611,12.7973480,55.6548920
612,12.8827820,55.7931328
613,12.9689636,55.9312935
614,13.0559006,56.0693474
615,13.1436081,56.2073174
616,13.2320938,56.3452072
617,13.3213577,56.4829979
618,13.4114151,56.6206970
619,13.5022659,56.7582970
620,13.5939407,56.8958054
621,13.6864471,57.0332222
622,13.7797699,57.1705322
623,13.8739395,57.3077545
624,13.9689636,57.4448700
625,14.0648346,57.5818748
626,14.1615906,57.7187958
627,14.2592316,57.8556023
628,14.3577499,57.9923019
629,14.4571762,58.1288910
630,14.5575180,58.2653809
631,10.8553238,52.6372375
632,10.9255524,52.7773819
633,10.9963684,52.9174538
634,11.0677795,53.0574646
635,11.1397781,53.1973991
636,11.2123947,53.3372765
637,11.2856064,53.4770775
638,11.3594360,53.6168022
639,11.4338989,53.7564621
640,11.5089951,53.8960533
641,11.5847244,54.0355721
642,11.6610947,54.1750145
643,11.7381287,54.3143883
644,11.8158112,54.4536819
645,11.8941650,54.5929031
646,11.9731903,54.7320480
647,12.0528870,54.8711128
648,12.1332855,55.0101013
649,12.2143707,55.1490021
650,12.2961731,55.2878304
651,12.3786774,55.4265747
652,12.4619064,55.5652390
653,12.5458603,55.7038155
654,12.6305618,55.8423080
655,12.7159958,55.9807167
656,12.8021851,56.1190338
657,12.8891449,56.2572670
658,12.9768600,56.3954124
659,13.0653763,56.5334663
660,13.1546707,56.6714325
661,13.2447662,56.8092957
662,13.3356705,56.9470787
663,13.4273911,57.0847588
664,13.5199356,57.2223473
665,13.6133194,57.3598328
666,13.7075577,57.4972305
667,13.8026428,57.6345177
668,13.8986053,57.7717133
669,13.9954376,57.9088020
670,14.0931473,58.0457764
671,14.1917648,58.1826591
672,14.2912979,58.3194427
673,10.6185226,52.6804810
674,10.6881027,52.8208427
675,10.7582626,52.9611320
676,10.8290100,53.1013641
677,10.9003448,53.2415314
678,10.9722824,53.3816223
679,11.0448303,53.5216560
680,11.1179886,53.6616096
681,11.1917648,53.8014984
682,11.2661743,53.9413223
683,11.3412094,54.0810738
684,11.4168854,54.2207527
685,11.4932251,54.3603592
686,11.5702057,54.4998970
687,11.6478424,54.6393471
688,11.7261581,54.7787361
689,11.8051529,54.9180374
690,11.8848267,55.0572662
691,11.9651947,55.1964264
692,12.0462570,55.3354874
693,12.1280365,55.4744873
694,12.2105255,55.6133957
695,12.2937393,55.7522240
696,12.3776855,55.8909683
697,12.4623795,56.0296326
698,12.5478134,56.1682091
699,12.6340179,56.3066978
700,12.7209778,56.4450989
701,12.8087158,56.5834160
702,12.8972397,56.7216454
703,12.9865646,56.8597755
704,13.0766830,56.9978218
705,13.1676254,57.1357689
706,13.2593765,57.2736244
707,13.3519745,57.4113960
708,13.4454041,57.5490570
709,13.5396881,57.6866188
710,13.6348419,57.8240891
711,13.7308655,57.9614639
712,13.8277664,58.0987244
713,13.9255676,58.2358856
714,14.0242691,58.3729439
715,10.3812561,52.7232437
716,10.4501801,52.8638191
717,10.5196686,53.0043335
718,10.5897446,53.1447868
719,10.6604156,53.2851715
720,10.7316742,53.4254913
721,10.8035507,53.5657501
722,10.8760223,53.7059326
723,10.9491119,53.8460464
724,11.0228195,53.9860954
725,11.0971680,54.1260796
726,11.1721420,54.2659912
727,11.2477646,54.4058304
728,11.3240356,54.5455971
729,11.4009705,54.6852875
730,11.4785614,54.8249130
731,11.5568314,54.9644585
732,11.6357803,55.1039276
733,11.7154160,55.2433243
734,11.7957458,55.3826294
735,11.8767776,55.5218735
736,11.9585266,55.6610336
737,12.0410004,55.8001099
738,12.1241989,55.9391098
739,12.2081223,56.0780220
740,12.2928009,56.2168503
741,12.3782272,56.3555984
742,12.4644241,56.4942551
743,12.5513916,56.6328354
744,12.6391296,56.7713165
745,12.7276611,56.9097137
746,12.8169937,57.0480232
747,12.9071426,57.1862373
748,12.9981003,57.3243637
749,13.0898895,57.4623947
750,13.1825104,57.6003304
751,13.2759933,57.7381706
752,13.3703232,57.8759155
753,13.4655228,58.0135727
754,13.5615921,58.1511040
755,13.6585693,58.2885551
756,13.7564316,58.4258881
757,10.1435242,52.7655258
758,10.2117767,52.9063225
759,10.2805939,53.0470505
760,10.3500061,53.1877213
761,10.4199982,53.3283272
762,10.4905777,53.4688683
763,10.5617599,53.6093445
764,10.6335373,53.7497559
765,10.7059402,53.8900986
766,10.7789459,54.0303764
767,10.8525925,54.1705856
768,10.9268646,54.3107300
769,11.0017700,54.4507942
770,11.0773315,54.5908012
771,11.1535339,54.7307281
772,11.2304077,54.8705864
773,11.3079376,55.0103683
774,11.3861618,55.1500778
775,11.4650574,55.2897110
776,11.5446396,55.4292679
777,11.6249313,55.5687523
778,11.7059250,55.7081490
779,11.7876282,55.8474808
780,11.8700638,55.9867249
781,11.9532318,56.1258888
782,12.0371399,56.2649727
783,12.1217804,56.4039650
784,12.2071991,56.5428810
785,12.2933807,56.6817131
786,12.3803329,56.8204613
787,12.4680710,56.9591141
788,12.5566101,57.0976868
789,12.6459503,57.2361641
790,12.7360916,57.3745537
791,12.8270798,57.5128555
792,12.9188843,57.6510658
793,13.0115280,57.7891655
794,13.1050415,57.9271889
795,13.1994019,58.0651131
796,13.2946472,58.2029266
797,13.3907700,58.3406487
798,13.4877853,58.4782715
799,9.9053345,52.8073425
800,9.9729080,52.9483452
801,10.0410614,53.0892906
802,10.1097870,53.2301826
803,10.1790924,53.3710022
804,10.2489853,53.5117683
805,10.3194733,53.6524658
806,10.3905640,53.7930946
807,10.4622498,53.9336586
808,10.5345612,54.0741653
809,10.6074905,54.2145996
810,10.6810532,54.3549690
811,10.7552338,54.4952660
812,10.8300705,54.6355019
813,10.9055557,54.7756615
814,10.9816895,54.9157524
815,11.0584869,55.0557709
816,11.1359634,55.1957207
817,11.2141037,55.3355904
818,11.2929382,55.4753838
819,11.3724747,55.6151047
820,11.4527054,55.7547531
821,11.5336533,55.8943253
822,11.6153183,56.0338173
823,11.6977081,56.1732330
824,11.7808304,56.3125572
825,11.8647003,56.4518089
826,11.9493256,56.5909767
827,12.0347061,56.7300606
828,12.1208649,56.8690643
829,12.2077942,57.0079765
830,12.2955246,57.1468086
831,12.3840485,57.2855530
832,12.4733810,57.4242020
833,12.5635376,57.5627708
834,12.6545181,57.7012482
835,12.7463303,57.8396187
836,12.8389969,57.9779129
837,12.9325256,58.1161079
838,13.0269241,58.2542000
839,13.1221848,58.3921967
840,13.2183533,58.5300980
841,9.6666870,52.8486748
842,9.7335892,52.9898911
843,9.8010559,53.1310539
844,9.8691025,53.2721558
845,9.9377136,53.4132004
846,10.0069122,53.5541763
847,10.0767059,53.6950912
848,10.1470795,53.8359451
849,10.2180634,53.9767303
850,10.2896576,54.1174583
851,10.3618774,54.2581139
852,10.4347153,54.3987160
853,10.5081711,54.5392380
854,10.5822754,54.6797028
855,10.6570206,54.8200874
856,10.7324142,54.9604073
857,10.8084717,55.1006660
858,10.8851929,55.2408447
859,10.9625854,55.3809547
860,11.0406570,55.5209846
861,11.1194305,55.6609535
862,11.1988983,55.8008347
863,11.2790604,55.9406471
864,11.3599548,56.0803871
865,11.4415588,56.2200432
866,11.5238876,56.3596191
867,11.6069641,56.4991188
868,11.6907959,56.6385422
869,11.7753677,56.7778740
870,11.8607178,56.9171333
871,11.9468460,57.0563011
872,12.0337601,57.1953888
873,12.1214600,57.3343925
874,12.2099533,57.4733047
875,12.2992783,57.6121407
876,12.3894272,57.7508774
877,12.4803925,57.8895149
878,12.5722122,58.0280800
879,12.6648865,58.1665421
880,12.7584229,58.3049049
881,12.8528366,58.4431839
882,12.9481277,58.5813599
883,9.4275818,52.8895226
884,9.4938049,53.0309525
885,9.5605850,53.1723213
886,9.6279373,53.3136444
887,9.6958618,53.4548950
888,9.7643509,53.5960846
889,9.8334351,53.7372246
890,9.9031067,53.8782883
891,9.9733810,54.0193024
892,10.0442505,54.1602440
893,10.1157379,54.3011246
894,10.1878433,54.4419441
895,10.2605743,54.5826988
896,10.3339386,54.7233925
897,10.4079361,54.8640022
898,10.4825897,55.0045547
899,10.5578995,55.1450424
900,10.6338577,55.2854462
901,10.7104874,55.4257927
902,10.7877960,55.5660591
903,10.8657913,55.7062645
904,10.9444809,55.8463898
905,11.0238647,55.9864349
906,11.1039658,56.1264191
907,11.1847839,56.2663231
908,11.2663193,56.4061432
909,11.3485947,56.5458870
910,11.4316177,56.6855583
911,11.5153809,56.8251457
912,11.5999069,56.9646492
913,11.6852112,57.1040764
914,11.7712936,57.2434235
915,11.8581619,57.3826752
916,11.9458313,57.5218544
917,12.0343018,57.6609421
918,12.1235962,57.7999382
919,12.2137222,57.9388504
920,12.3046799,58.0776787
921,12.3964920,58.2164154
922,12.4891510,58.3550453
923,12.5826874,58.4935913
924,12.6771088,58.6320381
925,9.1880417,52.9299049
926,9.2535706,53.0715408
927,9.3196564,53.2131195
928,9.3863068,53.3546486
929,9.4535217,53.4961128
930,9.5213089,53.6375160
931,9.5896912,53.7788696
932,9.6586380,53.9201469
933,9.7281952,54.0613785
934,9.7983398,54.2025414
935,9.8690948,54.3436432
936,9.9404678,54.4846840
937,10.0124588,54.6256561
938,10.0850754,54.7665749
939,10.1583252,54.9074097
940,10.2322159,55.0481949
941,10.3067551,55.1889038
942,10.3819580,55.3295479
943,10.4578247,55.4701271
944,10.5343552,55.6106186
945,10.6115723,55.7510643
946,10.6894760,55.8914261
947,10.7680740,56.0317154
948,10.8473740,56.1719322
949,10.9273911,56.3120728
950,11.0081253,56.4521370
951,11.0895844,56.5921326
952,11.1717834,56.7320442
953,11.2547302,56.8718796
954,11.3384399,57.0116386
955,11.4229050,57.1513100
956,11.5081558,57.2909088
957,11.5941772,57.4304237
958,11.6809998,57.5698471
959,11.7686234,57.7092056
960,11.8570633,57.8484573
961,11.9463196,57.9876289
962,12.0364151,58.1267281
963,12.1273422,58.2657204
964,12.2191315,58.4046211
965,12.3117828,58.5434380
966,12.4053040,58.6821671
967,8.9480438,52.9697914
968,9.0128784,53.1116333
969,9.0782700,53.2534180
970,9.1442184,53.3951530
971,9.2107239,53.5368309
972,9.2778015,53.6784515
973,9.3454590,53.8200111
974,9.4136810,53.9615097
975,9.4825134,54.1029510
976,9.5519257,54.2443314
977,9.6219406,54.3856468
978,9.6925659,54.5269089
979,9.7638092,54.6681061
980,9.8356781,54.8092384
981,9.9081650,54.9503021
982,9.9813004,55.0913086
983,10.0550766,55.2322502
984,10.1295090,55.3731232
985,10.2045822,55.5139236
986,10.2803345,55.6546555
987,10.3567657,55.7953262
988,10.4338760,55.9359207
989,10.5116730,56.0764427
990,10.5901794,56.2168999
991,10.6693802,56.3572845
992,10.7492981,56.4975891
993,10.8299408,56.6378212
994,10.9113235,56.7779808
995,10.9934387,56.9180603
996,11.0763092,57.0580673
997,11.1599426,57.1979942
998,11.2443390,57.3378410
999,11.3295059,57.4776077
1000,11.4154739,57.6172905
1001,11.5022354,57.7569008
1002,11.5897980,57.8964119
1003,11.6781921,58.0358467
1004,11.7674103,58.1752014
1005,11.8574524,58.3144608
1006,11.9483414,58.4536285
1007,12.0401001,58.5927086
1008,12.1327286,58.7317047
1009,8.7076111,53.0091972
1010,8.7717438,53.1512413
1011,8.8364258,53.2932358
1012,8.9016647,53.4351768
1013,8.9674606,53.5770607
1014,9.0338135,53.7188835
1015,9.1007462,53.8606606
1016,9.1682434,54.0023651
1017,9.2363281,54.1440201
1018,9.3050156,54.2856216
1019,9.3742828,54.4271545
1020,9.4441681,54.5686340
1021,9.5146561,54.7100449
1022,9.5857544,54.8514023
1023,9.6574860,54.9926834
1024,9.7298431,55.1339111
1025,9.8028488,55.2750740
1026,9.8764877,55.4161720
1027,9.9507980,55.5572052
1028,10.0257568,55.6981697
1029,10.1013870,55.8390694
1030,10.1776962,55.9798927
1031,10.2546921,56.1206512
1032,10.3323669,56.2613411
1033,10.4107666,56.4019661
1034,10.4898605,56.5425072
1035,10.5696793,56.6829834
1036,10.6502228,56.8233795
1037,10.7314987,56.9637032
1038,10.8135300,57.1039581
1039,10.8963013,57.2441254
1040,10.9798508,57.3842239
1041,11.0641632,57.5242348
1042,11.1492538,57.6641731
1043,11.2351532,57.8040352
1044,11.3218384,57.9438095
1045,11.4093399,58.0834999
1046,11.4976654,58.2231064
1047,11.5868149,58.3626289
1048,11.6768112,58.5020676
1049,11.7676620,58.6414108
1050,11.8593674,58.7806702
1051,8.4667435,53.0481148
1052,8.5301666,53.1903648
1053,8.5941391,53.3325615
1054,8.6586685,53.4747086
1055,8.7237396,53.6167984
1056,8.7893677,53.7588310
1057,8.8555679,53.9008141
1058,8.9223328,54.0427284
1059,8.9896774,54.1845932
1060,9.0576096,54.3264008
1061,9.1261292,54.4681511
1062,9.1952515,54.6098404
1063,9.2649765,54.7514687
1064,9.3353195,54.8930435
1065,9.4062805,55.0345497
1066,9.4778595,55.1759987
1067,9.5500793,55.3173828
1068,9.6229324,55.4587021
1069,9.6964417,55.5999641
1070,9.7706070,55.7411499
1071,9.8454361,55.8822784
1072,9.9209366,56.0233345
1073,9.9971161,56.1643257
1074,10.0739822,56.3052444
1075,10.1515427,56.4460983
1076,10.2298126,56.5868835
1077,10.3087921,56.7275925
1078,10.3884964,56.8682289
1079,10.4689255,57.0087967
1080,10.5501022,57.1492882
1081,10.6320190,57.2897034
1082,10.7146988,57.4300499
1083,10.7981415,57.5703125
1084,10.8823547,57.7104950
1085,10.9673691,57.8506088
1086,11.0531769,57.9906349
1087,11.1397781,58.1305809
1088,11.2272034,58.2704468
1089,11.3154526,58.4102287
1090,11.4045410,58.5499268
1091,11.4944687,58.6895332
1092,11.5852585,58.8290634
1093,8.2254410,53.0865479
1094,8.2881546,53.2290001
1095,8.3514099,53.3713913
1096,8.4152069,53.5137405
1097,8.4795532,53.6560326
1098,8.5444489,53.7982750
1099,8.6099091,53.9404602
1100,8.6759415,54.0825844
1101,8.7425308,54.2246590
1102,8.8097153,54.3666725
1103,8.8774796,54.5086365
1104,8.9458313,54.6505356
1105,9.0148010,54.7923851
1106,9.0843658,54.9341736
1107,9.1545486,55.0758934
1108,9.2253494,55.2175636
1109,9.2967758,55.3591690
1110,9.3688431,55.5007095
1111,9.4415436,55.6421890
1112,9.5149002,55.7835960
1113,9.5889206,55.9249496
1114,9.6635971,56.0662384
1115,9.7389603,56.2074547
1116,9.8149948,56.3486061
1117,9.8917236,56.4896965
1118,9.9691544,56.6307106
1119,10.0472946,56.7716560
1120,10.1261368,56.9125290
1121,10.2057190,57.0533371
1122,10.2860260,57.1940727
1123,10.3670807,57.3347244
1124,10.4488831,57.4753113
1125,10.5314407,57.6158218
1126,10.6147842,57.7562561
1127,10.6988983,57.8966179
1128,10.7838058,58.0368958
1129,10.8695068,58.1770935
1130,10.9560242,58.3172150
1131,11.0433502,58.4572525
1132,11.1315155,58.5972061
1133,11.2205124,58.7370720
1134,11.3103714,58.8768616
1135,7.9837112,53.1244965
1136,8.0457153,53.2671432
1137,8.1082382,53.4097328
1138,8.1713104,53.5522842
1139,8.2349243,53.6947746
1140,8.2990875,53.8372192
1141,8.3638000,53.9796066
1142,8.4290695,54.1219368
1143,8.4949188,54.2642136
1144,8.5613403,54.4064445
1145,8.6283417,54.5486069
1146,8.6959305,54.6907272
1147,8.7641144,54.8327789
1148,8.8329010,54.9747810
1149,8.9022903,55.1167183
1150,8.9723053,55.2586060
1151,9.0429306,55.4004250
1152,9.1141968,55.5421867
1153,9.1860962,55.6838875
1154,9.2586365,55.8255157
1155,9.3318329,55.9670944
1156,9.4056931,56.1086006
1157,9.4802246,56.2500458
1158,9.5554199,56.3914337
1159,9.6313095,56.5327492
1160,9.7078934,56.6739922
1161,9.7851791,56.8151741
1162,9.8631668,56.9562836
1163,9.9418716,57.0973206
1164,10.0213165,57.2382965
1165,10.1014862,57.3791924
1166,10.1824112,57.5200157
1167,10.2640915,57.6607704
1168,10.3465271,57.8014526
1169,10.4297409,57.9420586
1170,10.5137405,58.0825844
1171,10.5985260,58.2230263
1172,10.6841278,58.3634071
1173,10.7705231,58.5037003
1174,10.8577576,58.6439018
1175,10.9458237,58.7840309
1176,11.0347366,58.9240837
1177,7.7415543,53.1619530
1178,7.8028336,53.3047867
1179,7.8646317,53.4475784
1180,7.9269714,53.5903282
1181,7.9898376,53.7330170
1182,8.0532608,53.8756599
1183,8.1172256,54.0182495
1184,8.1817398,54.1607819
1185,8.2468262,54.3032608
1186,8.3124847,54.4456978
1187,8.3787079,54.5880699
1188,8.4455338,54.7304001
1189,8.5129318,54.8726616
1190,8.5809326,55.0148735
1191,8.6495285,55.1570206
1192,8.7187347,55.2991180
1193,8.7885666,55.4411545
1194,8.8590164,55.5831299
1195,8.9301071,55.7250519
1196,9.0018311,55.8669014
1197,9.0742035,56.0087013
1198,9.1472244,56.1504364
1199,9.2209167,56.2921028
1200,9.2952728,56.4337158
1201,9.3703079,56.5752563
1202,9.4460373,56.7167282
1203,9.5224533,56.8581390
1204,9.5995789,56.9994812
1205,9.6774139,57.1407509
1206,9.7559738,57.2819633
1207,9.8352585,57.4230957
1208,9.9152908,57.5641594
1209,9.9960709,57.7051544
1210,10.0776062,57.8460732
1211,10.1599045,57.9869270
1212,10.2429886,58.1277046
1213,10.3268509,58.2683907
1214,10.4115219,58.4090195
1215,10.4969940,58.5495644
1216,10.5832748,58.6900215
1217,10.6703873,58.8304062
1218,10.7583466,58.9707146
1219,7.4989777,53.1989098
1220,7.5595245,53.3419418
1221,7.6205902,53.4849319
1222,7.6821899,53.6278687
1223,7.7443161,53.7707520
1224,7.8069763,53.9135971
1225,7.8701859,54.0563850
1226,7.9339523,54.1991196
1227,7.9982681,54.3418007
1228,8.0631485,54.4844360
1229,8.1286011,54.6270180
1230,8.1946335,54.7695465
1231,8.2612457,54.9120216
1232,8.3284531,55.0544395
1233,8.3962555,55.1968002
1234,8.4646606,55.3391075
1235,8.5336838,55.4813614
1236,8.6033173,55.6235466
1237,8.6735764,55.7656860
1238,8.7444763,55.9077568
1239,8.8160172,56.0497742
1240,8.8881912,56.1917229
1241,8.9610367,56.3336143
1242,9.0345459,56.4754486
1243,9.1087265,56.6172142
1244,9.1835861,56.7589111
1245,9.2591324,56.9005508
1246,9.3353806,57.0421219
1247,9.4123383,57.1836281
1248,9.4900131,57.3250694
1249,9.5684052,57.4664383
1250,9.6475296,57.6077423
1251,9.7274017,57.7489777
1252,9.8080215,57.8901367
1253,9.8894043,58.0312271
1254,9.9715500,58.1722374
1255,10.0544815,58.3131790
1256,10.1382141,58.4540558
1257,10.2227402,58.5948486
1258,10.3080673,58.7355499
1259,10.3942261,58.8761978
1260,10.4812164,59.0167542
1261,7.2559814,53.2353783
1262,7.3157959,53.3786049
1263,7.3761292,53.5217819
1264,7.4369812,53.6649132
1265,7.4983444,53.8079948
1266,7.5602646,53.9510269
1267,7.6227112,54.0940170
1268,7.6856995,54.2369499
1269,7.7492447,54.3798370
1270,7.8133545,54.5226669
1271,7.8780212,54.6654510
1272,7.9432678,54.8081818
1273,8.0090790,54.9508553
1274,8.0754852,55.0934868
1275,8.1424789,55.2360535
1276,8.2100754,55.3785667
1277,8.2782745,55.5210304
1278,8.3470840,55.6634369
1279,8.4165192,55.8057823
1280,8.4865799,55.9480667
1281,8.5572739,56.0902977
1282,8.6286163,56.2324715
1283,8.7005997,56.3745804
1284,8.7732468,56.5166321
1285,8.8465652,56.6586227
1286,8.9205475,56.8005486
1287,8.9952240,56.9424133
1288,9.0705872,57.0842133
1289,9.1466522,57.2259407
1290,9.2234192,57.3676147
1291,9.3009109,57.5092163
1292,9.3791275,57.6507530
1293,9.4580765,57.7922173
1294,9.5377808,57.9336166
1295,9.6182327,58.0749550
1296,9.6994476,58.2162018
1297,9.7814331,58.3573837
1298,9.8642120,58.4985008
1299,9.9477768,58.6395378
1300,10.0321426,58.7804985
1301,10.1173325,58.9213943
1302,10.2033463,59.0622025
1303,7.0125809,53.2713509
1304,7.0716553,53.4147682
1305,7.1312332,53.5581284
1306,7.1913300,53.7014542
1307,7.2519531,53.8447304
1308,7.3130951,53.9879608
1309,7.3747787,54.1311378
1310,7.4369965,54.2742653
1311,7.4997711,54.4173508
1312,7.5630875,54.5603790
1313,7.6269684,54.7033653
1314,7.6914062,54.8462982
1315,7.7564316,54.9891777
1316,7.8220291,55.1320076
1317,7.8882065,55.2747803
1318,7.9549789,55.4175034
1319,8.0223618,55.5601692
1320,8.0903397,55.7027855
1321,8.1589355,55.8453445
1322,8.2281494,55.9878387
1323,8.2979965,56.1302872
1324,8.3684769,56.2726746
1325,8.4396057,56.4150047
1326,8.5113907,56.5572701
1327,8.5838318,56.6994820
1328,8.6569366,56.8416290
1329,8.7307205,56.9837112
1330,8.8051910,57.1257401
1331,8.8803558,57.2676964
1332,8.9562225,57.4095993
1333,9.0327988,57.5514259
1334,9.1100922,57.6931953
1335,9.1881256,57.8348923
1336,9.2668839,57.9765244
1337,9.3464050,58.1180992
1338,9.4266663,58.2595863
1339,9.5077057,58.4010124
1340,9.5895157,58.5423698
1341,9.6721191,58.6836548
1342,9.7555161,58.8248558
1343,9.8397217,58.9659920
1344,9.9247437,59.1070595
1345,6.7687836,53.3068352
1346,6.8271027,53.4504356
1347,6.8859329,53.5939865
1348,6.9452744,53.7374992
1349,7.0051270,53.8809586
1350,7.0655060,54.0243835
1351,7.1264114,54.1677513
1352,7.1878510,54.3110771
1353,7.2498398,54.4543495
1354,7.3123703,54.5975800
1355,7.3754501,54.7407608
1356,7.4390945,54.8838921
1357,7.5032959,55.0269737
1358,7.5680847,55.1700020
1359,7.6334381,55.3129768
1360,7.6993942,55.4559097
1361,7.7659302,55.5987816
1362,7.8330765,55.7415962
1363,7.9008331,55.8843651
1364,7.9692001,56.0270767
1365,8.0381851,56.1697350
1366,8.1078033,56.3123322
1367,8.1780624,56.4548759
1368,8.2489624,56.5973587
1369,8.3205261,56.7397881
1370,8.3927460,56.8821526
1371,8.4656296,57.0244560
1372,8.5391998,57.1666985
1373,8.6134567,57.3088875
1374,8.6884079,57.4510117
1375,8.7640610,57.5930710
1376,8.8404312,57.7350655
1377,8.9175262,57.8769951
1378,8.9953461,58.0188637
1379,9.0739059,58.1606598
1380,9.1532288,58.3023949
1381,9.2333069,58.4440575
1382,9.3141403,58.5856476
1383,9.3957672,58.7271767
1384,9.4781799,58.8686218
1385,9.5613937,59.0100021
1386,9.6454163,59.1513100
1387,6.5245590,53.3418121
1388,6.5821304,53.4855881
1389,6.6402054,53.6293297
1390,6.6987839,53.7730331
1391,6.7578735,53.9166794
1392,6.8174820,54.0602875
1393,6.8776093,54.2038574
1394,6.9382553,54.3473625
1395,6.9994507,54.4908333
1396,7.0611801,54.6342545
1397,7.1234665,54.7776260
1398,7.1862946,54.9209557
1399,7.2496948,55.0642395
1400,7.3136520,55.2074661
1401,7.3781891,55.3506393
1402,7.4433060,55.4937706
1403,7.5090103,55.6368523
1404,7.5753098,55.7798729
1405,7.6422043,55.9228516
1406,7.7097168,56.0657616
1407,7.7778397,56.2086258
1408,7.8465881,56.3514366
1409,7.9159698,56.4941902
1410,7.9859924,56.6368904
1411,8.0566635,56.7795334
1412,8.1279831,56.9221153
1413,8.1999741,57.0646400
1414,8.2726212,57.2071037
1415,8.3459702,57.3495140
1416,8.4199905,57.4918556
1417,8.4947205,57.6341400
1418,8.5701523,57.7763672
1419,8.6462936,57.9185143
1420,8.7231674,58.0606117
1421,8.8007812,58.2026520
1422,8.8791275,58.3446121
1423,8.9582214,58.4865074
1424,9.0380936,58.6283379
1425,9.1187210,58.7700958
1426,9.2001343,58.9117813
1427,9.2823486,59.0534058
1428,9.3653717,59.1949615
1429,6.2799530,53.3762932
1430,6.3367615,53.5202522
1431,6.3940735,53.6641769
1432,6.4518890,53.8080597
1433,6.5101929,53.9518929
1434,6.5690231,54.0956879
1435,6.6283646,54.2394409
1436,6.6882324,54.3831367
1437,6.7486267,54.5267982
1438,6.8095474,54.6704102
1439,6.8710251,54.8139763
1440,6.9330368,54.9575005
1441,6.9956207,55.1009750
1442,7.0587540,55.2444038
1443,7.1224442,55.3877716
1444,7.1867294,55.5311012
1445,7.2515869,55.6743813
1446,7.3170319,55.8176117
1447,7.3830719,55.9607849
1448,7.4497147,56.1038971
1449,7.5169678,56.2469749
1450,7.5848389,56.3899956
1451,7.6533356,56.5329552
1452,7.7224655,56.6758614
1453,7.7922440,56.8187256
1454,7.8626556,56.9615135
1455,7.9337311,57.1042519
1456,8.0054703,57.2469368
1457,8.0778885,57.3895645
1458,8.1509857,57.5321312
1459,8.2247620,57.6746368
1460,8.2992554,57.8170815
1461,8.3744507,57.9594612
1462,8.4503632,58.1017838
1463,8.5269928,58.2440414
1464,8.6043701,58.3862419
1465,8.6824799,58.5283623
1466,8.7613678,58.6704292
1467,8.8410034,58.8124313
1468,8.9214172,58.9543533
1469,9.0026245,59.0962181
1470,9.0846100,59.2380066
1471,6.0349426,53.4102707
1472,6.0910034,53.5544167
1473,6.1475372,53.6985130
1474,6.2045746,53.8425751
1475,6.2621078,53.9866028
1476,6.3201523,54.1305733
1477,6.3787003,54.2745094
1478,6.4377670,54.4183960
1479,6.4973526,54.5622444
1480,6.5574799,54.7060509
1481,6.6181412,54.8498077
1482,6.6793289,54.9935188
1483,6.7410736,55.1371841
1484,6.8033829,55.2808075
1485,6.8662415,55.4243736
1486,6.9296722,55.5679016
1487,6.9936752,55.7113762
1488,7.0582657,55.8548050
1489,7.1234360,55.9981766
1490,7.1892090,56.1414986
1491,7.2555847,56.2847748
1492,7.3225708,56.4280014
1493,7.3901672,56.5711670
1494,7.4584045,56.7142868
1495,7.5272675,56.8573494
1496,7.5967789,57.0003586
1497,7.6669312,57.1433105
1498,7.7377472,57.2862091
1499,7.8092194,57.4290428
1500,7.8813858,57.5718346
1501,7.9542160,57.7145538
1502,8.0277481,57.8572235
1503,8.1019821,57.9998283
1504,8.1769257,58.1423759
1505,8.2525864,58.2848587
1506,8.3289719,58.4272842
1507,8.4060974,58.5696373
1508,8.4839783,58.7119293
1509,8.5626144,58.8541679
1510,8.6420059,58.9963264
1511,8.7221909,59.1384201
1512,8.8031540,59.2804489
1513,5.7895584,53.4437485
1514,5.8448410,53.5880661
1515,5.9006119,53.7323494
1516,5.9568634,53.8765907
1517,6.0136108,54.0207901
1518,6.0708618,54.1649475
1519,6.1286163,54.3090668
1520,6.1868744,54.4531326
1521,6.2456589,54.5971680
1522,6.3049622,54.7411575
1523,6.3647919,54.8850975
1524,6.4251709,55.0290031
1525,6.4860764,55.1728592
1526,6.5475388,55.3166733
1527,6.6095505,55.4604301
1528,6.6721268,55.6041489
1529,6.7352753,55.7478294
1530,6.7989960,55.8914490
1531,6.8632965,56.0350266
1532,6.9281921,56.1785469
1533,6.9936752,56.3220253
1534,7.0597763,56.4654503
1535,7.1264801,56.6088181
1536,7.1938019,56.7521439
1537,7.2617569,56.8954201
1538,7.3303375,57.0386314
1539,7.3995667,57.1817932
1540,7.4694519,57.3249054
1541,7.5399857,57.4679565
1542,7.6111984,57.6109581
1543,7.6830750,57.7538948
1544,7.7556381,57.8967743
1545,7.8289032,58.0396004
1546,7.9028625,58.1823654
1547,7.9775391,58.3250847
1548,8.0529404,58.4677238
1549,8.1290588,58.6103058
1550,8.2059326,58.7528381
1551,8.2835541,58.8953018
1552,8.3619232,59.0376892
1553,8.4410706,59.1800194
1554,8.5209961,59.3222923
1555,5.5437775,53.4767227
1556,5.5982895,53.6212158
1557,5.6532745,53.7656708
1558,5.7087479,53.9100914
1559,5.7647095,54.0544662
1560,5.8211594,54.1988068
1561,5.8781128,54.3431015
1562,5.9355621,54.4873543
1563,5.9935303,54.6315689
1564,6.0520172,54.7757454
1565,6.1110229,54.9198761
1566,6.1705551,55.0639648
1567,6.2306290,55.2080040
1568,6.2912445,55.3520088
1569,6.3524017,55.4959602
1570,6.4141235,55.6398735
1571,6.4764023,55.7837372
1572,6.5392532,55.9275551
1573,6.6026688,56.0713234
1574,6.6666794,56.2150383
1575,6.7312775,56.3587227
1576,6.7964630,56.5023422
1577,6.8622665,56.6459198
1578,6.9286728,56.7894440
1579,6.9957047,56.9329224
1580,7.0633621,57.0763359
1581,7.1316528,57.2197075
1582,7.2005920,57.3630295
1583,7.2701797,57.5062943
1584,7.3404312,57.6495094
1585,7.4113541,57.7926636
1586,7.4829483,57.9357605
1587,7.5552216,58.0788002
1588,7.6281967,58.2217827
1589,7.7018814,58.3647118
1590,7.7762680,58.5075798
1591,7.8513870,58.6503906
1592,7.9272385,58.7931404
1593,8.0038300,58.9358330
1594,8.0811691,59.0784454
1595,8.1592712,59.2210121
1596,8.2381439,59.3635101
1597,5.2976227,53.5091934
1598,5.3513489,53.6538544
1599,5.4055557,53.7984848
1600,5.4602356,53.9430809
1601,5.5153961,54.0876312
1602,5.5710449,54.2321396
1603,5.6271973,54.3766212
1604,5.6838303,54.5210495
1605,5.7409744,54.6654434
1606,5.7986374,54.8097992
1607,5.8568039,54.9541130
1608,5.9155045,55.0983887
1609,5.9747314,55.2426109
1610,6.0344849,55.3868027
1611,6.0947876,55.5309448
1612,6.1556396,55.6750450
1613,6.2170410,55.8190994
1614,6.2790146,55.9631042
1615,6.3415527,56.1070709
1616,6.4046631,56.2509842
1617,6.4683609,56.3948593
1618,6.5326462,56.5386772
1619,6.5975266,56.6824532
1620,6.6630173,56.8261757
1621,6.7291183,56.9698563
1622,6.7958450,57.1134796
1623,6.8631897,57.2570534
1624,6.9311752,57.4005775
1625,6.9998016,57.5440521
1626,7.0690918,57.6874695
1627,7.1390381,57.8308372
1628,7.2096481,57.9741478
1629,7.2809448,58.1174049
1630,7.3529205,58.2605972
1631,7.4256058,58.4037590
1632,7.4989853,58.5468369
1633,7.5730667,58.6898613
1634,7.6478958,58.8328400
1635,7.7234497,58.9757538
1636,7.7997437,59.1185989
1637,7.8768005,59.2613907
1638,7.9546127,59.4041176
1639,5.0510941,53.5411491
1640,5.1040344,53.6859894
1641,5.1574478,53.8307877
1642,5.2113419,53.9755516
1643,5.2656937,54.1202736
1644,5.3205414,54.2649651
1645,5.3758621,54.4096146
1646,5.4316864,54.5542259
1647,5.4880066,54.6987991
1648,5.5448303,54.8433304
1649,5.6021652,54.9878235
1650,5.6600113,55.1322746
1651,5.7183838,55.2766876
1652,5.7772827,55.4210625
1653,5.8367157,55.5653839
1654,5.8967056,55.7096710
1655,5.9572220,55.8539162
1656,6.0183029,55.9981117
1657,6.0799561,56.1422691
1658,6.1421585,56.2863693
1659,6.2049561,56.4304390
1660,6.2683258,56.5744591
1661,6.3322830,56.7184258
1662,6.3968430,56.8623505
1663,6.4620056,57.0062256
1664,6.5277939,57.1500511
1665,6.5941849,57.2938309
1666,6.6612091,57.4375534
1667,6.7288818,57.5812263
1668,6.7971878,57.7248611
1669,6.8661499,57.8684311
1670,6.9357758,58.0119591
1671,7.0060730,58.1554222
1672,7.0770493,58.2988358
1673,7.1487122,58.4421921
1674,7.2210770,58.5855026
1675,7.2941284,58.7287407
1676,7.3679276,58.8719406
1677,7.4424286,59.0150757
1678,7.5176697,59.1581421
1679,7.5936661,59.3011589
1680,7.6704025,59.4441071